Timestamp,Platform,Post Content,Likes,Comments
2025-01-17 01:15,Facebook,"Spent the weekend at the beach, soaking up the sun and enjoying the waves. Nothing beats the sound of the ocean! ğŸŒŠâ˜€ï¸ #RelaxingWeekend",609,57
2025-01-01 04:58,Snapchat,"Spent the weekend at the beach, soaking up the sun and enjoying the waves. Nothing beats the sound of the ocean! ğŸŒŠâ˜€ï¸ #RelaxingWeekend",399,129
2025-01-08 14:09,Snapchat,Finally nailed my butterfly stroke technique in swimming! Training hard for my next competition. ğŸŠ #SwimLife #NeverGiveUp,603,179
2025-01-11 05:30,Reddit,Nothing beats a long drive on the weekend with good music and great company. ğŸš—ğŸ¶ #WeekendVibes #RoadTrip,962,121
2025-01-13 17:03,LinkedIn,"Spent the weekend at the beach, soaking up the sun and enjoying the waves. Nothing beats the sound of the ocean! ğŸŒŠâ˜€ï¸ #RelaxingWeekend",78,53
2025-01-19 22:58,Snapchat,"Two years into my career, and I'm grateful for everything Iâ€™ve learned so far. Excited to see what the future holds! #CareerGrowth #CorporateLife",443,35
2025-01-01 20:42,TikTok,Watched an incredible documentary on stock market trends today. Investing is truly a game of patience and knowledge! #Finance #WealthBuilding,515,121
2025-01-02 14:14,TikTok,"Two years into my career, and I'm grateful for everything Iâ€™ve learned so far. Excited to see what the future holds! #CareerGrowth #CorporateLife",376,167
2025-01-28 04:47,Facebook,Watched an incredible documentary on stock market trends today. Investing is truly a game of patience and knowledge! #Finance #WealthBuilding,973,76
2025-01-24 06:46,TikTok,"Spent the weekend at the beach, soaking up the sun and enjoying the waves. Nothing beats the sound of the ocean! ğŸŒŠâ˜€ï¸ #RelaxingWeekend",790,149
2025-01-19 01:33,Twitter,Working on an exciting side project involving AI and finance. Can't wait to share more details soon! ğŸš€ #TechInnovation #AI,462,60
2025-01-30 22:16,Instagram,Absolutely crushed my workout today! New personal best in deadlifts and feeling stronger than ever. ğŸ’ªğŸ”¥ #FitnessJourney #HardWorkPaysOff,365,114
2025-01-02 23:11,Snapchat,Working on an exciting side project involving AI and finance. Can't wait to share more details soon! ğŸš€ #TechInnovation #AI,988,11
2025-01-01 14:38,Reddit,Finally nailed my butterfly stroke technique in swimming! Training hard for my next competition. ğŸŠ #SwimLife #NeverGiveUp,505,71
2025-01-06 21:44,LinkedIn,Working on an exciting side project involving AI and finance. Can't wait to share more details soon! ğŸš€ #TechInnovation #AI,498,142
2025-01-07 07:09,Twitter,Absolutely crushed my workout today! New personal best in deadlifts and feeling stronger than ever. ğŸ’ªğŸ”¥ #FitnessJourney #HardWorkPaysOff,82,29
2025-01-13 10:27,Twitter,"Spent the weekend at the beach, soaking up the sun and enjoying the waves. Nothing beats the sound of the ocean! ğŸŒŠâ˜€ï¸ #RelaxingWeekend",228,79
2025-01-13 15:53,LinkedIn,Working on an exciting side project involving AI and finance. Can't wait to share more details soon! ğŸš€ #TechInnovation #AI,177,31
2025-01-07 22:49,Reddit,Absolutely crushed my workout today! New personal best in deadlifts and feeling stronger than ever. ğŸ’ªğŸ”¥ #FitnessJourney #HardWorkPaysOff,382,39
2025-01-24 03:04,TikTok,Watched an incredible documentary on stock market trends today. Investing is truly a game of patience and knowledge! #Finance #WealthBuilding,669,58
2025-01-10 03:47,Snapchat,Nothing beats a long drive on the weekend with good music and great company. ğŸš—ğŸ¶ #WeekendVibes #RoadTrip,55,143
2025-01-16 17:14,Facebook,Absolutely crushed my workout today! New personal best in deadlifts and feeling stronger than ever. ğŸ’ªğŸ”¥ #FitnessJourney #HardWorkPaysOff,304,88
2025-01-11 21:54,Snapchat,Just finished analyzing my investments for the quarter. Staying consistent with my 50% savings strategy! #FinancialGoals #SmartInvesting,365,81
2025-01-11 00:44,TikTok,Just finished analyzing my investments for the quarter. Staying consistent with my 50% savings strategy! #FinancialGoals #SmartInvesting,80,189
2025-01-16 13:26,Twitter,Had an amazing dinner at this new Italian place downtown. The pasta was absolutely divine! ğŸ #Foodie #DiningExperience,239,107
2025-01-13 07:04,Twitter,"Two years into my career, and I'm grateful for everything Iâ€™ve learned so far. Excited to see what the future holds! #CareerGrowth #CorporateLife",140,177
2025-01-31 15:48,Snapchat,Had an amazing dinner at this new Italian place downtown. The pasta was absolutely divine! ğŸ #Foodie #DiningExperience,288,40
2025-01-02 17:49,TikTok,"Two years into my career, and I'm grateful for everything Iâ€™ve learned so far. Excited to see what the future holds! #CareerGrowth #CorporateLife",221,32
2025-01-21 10:43,Facebook,Just finished analyzing my investments for the quarter. Staying consistent with my 50% savings strategy! #FinancialGoals #SmartInvesting,461,46
2025-01-26 11:54,LinkedIn,Finally nailed my butterfly stroke technique in swimming! Training hard for my next competition. ğŸŠ #SwimLife #NeverGiveUp,992,117
2025-01-10 22:05,Instagram,Had an amazing dinner at this new Italian place downtown. The pasta was absolutely divine! ğŸ #Foodie #DiningExperience,897,101
2025-01-30 05:14,Reddit,Nothing beats a long drive on the weekend with good music and great company. ğŸš—ğŸ¶ #WeekendVibes #RoadTrip,509,76
2025-01-02 14:42,Snapchat,Absolutely crushed my workout today! New personal best in deadlifts and feeling stronger than ever. ğŸ’ªğŸ”¥ #FitnessJourney #HardWorkPaysOff,321,153
2025-01-11 06:34,Snapchat,Absolutely crushed my workout today! New personal best in deadlifts and feeling stronger than ever. ğŸ’ªğŸ”¥ #FitnessJourney #HardWorkPaysOff,982,142
2025-01-01 01:01,Twitter,Nothing beats a long drive on the weekend with good music and great company. ğŸš—ğŸ¶ #WeekendVibes #RoadTrip,283,200
2025-01-15 10:30,Snapchat,Had an amazing dinner at this new Italian place downtown. The pasta was absolutely divine! ğŸ #Foodie #DiningExperience,503,147
2025-01-13 06:34,Facebook,"Two years into my career, and I'm grateful for everything Iâ€™ve learned so far. Excited to see what the future holds! #CareerGrowth #CorporateLife",132,187
2025-01-07 10:36,TikTok,Finally nailed my butterfly stroke technique in swimming! Training hard for my next competition. ğŸŠ #SwimLife #NeverGiveUp,726,70
2025-01-24 12:36,Instagram,Finally nailed my butterfly stroke technique in swimming! Training hard for my next competition. ğŸŠ #SwimLife #NeverGiveUp,776,103
2025-01-26 15:16,LinkedIn,Absolutely crushed my workout today! New personal best in deadlifts and feeling stronger than ever. ğŸ’ªğŸ”¥ #FitnessJourney #HardWorkPaysOff,493,29
2025-01-23 06:32,Reddit,Absolutely crushed my workout today! New personal best in deadlifts and feeling stronger than ever. ğŸ’ªğŸ”¥ #FitnessJourney #HardWorkPaysOff,566,50
2025-01-04 17:11,Snapchat,"Two years into my career, and I'm grateful for everything Iâ€™ve learned so far. Excited to see what the future holds! #CareerGrowth #CorporateLife",306,192
2025-01-03 05:00,Twitter,Watched an incredible documentary on stock market trends today. Investing is truly a game of patience and knowledge! #Finance #WealthBuilding,95,133
2025-01-01 01:33,TikTok,Just finished analyzing my investments for the quarter. Staying consistent with my 50% savings strategy! #FinancialGoals #SmartInvesting,929,111
2025-01-28 14:04,Snapchat,"Spent the weekend at the beach, soaking up the sun and enjoying the waves. Nothing beats the sound of the ocean! ğŸŒŠâ˜€ï¸ #RelaxingWeekend",427,94
2025-01-08 02:07,Snapchat,Working on an exciting side project involving AI and finance. Can't wait to share more details soon! ğŸš€ #TechInnovation #AI,472,51
2025-01-06 23:16,Snapchat,Working on an exciting side project involving AI and finance. Can't wait to share more details soon! ğŸš€ #TechInnovation #AI,267,129
2025-01-19 14:39,Snapchat,Finally nailed my butterfly stroke technique in swimming! Training hard for my next competition. ğŸŠ #SwimLife #NeverGiveUp,294,56
2025-01-13 17:32,LinkedIn,Loving my new wardrobe refresh! Picked up some amazing pieces from H&M and Zara. Fashion is all about confidence! #StyleUpgrade #FashionTrends,621,69
2025-01-30 15:48,Facebook,"Two years into my career, and I'm grateful for everything Iâ€™ve learned so far. Excited to see what the future holds! #CareerGrowth #CorporateLife",397,150
2025-01-25 10:47,LinkedIn,Absolutely crushed my workout today! New personal best in deadlifts and feeling stronger than ever. ğŸ’ªğŸ”¥ #FitnessJourney #HardWorkPaysOff,612,183
2025-01-22 22:26,Instagram,Absolutely crushed my workout today! New personal best in deadlifts and feeling stronger than ever. ğŸ’ªğŸ”¥ #FitnessJourney #HardWorkPaysOff,439,47
2025-01-31 12:46,Instagram,Loving my new wardrobe refresh! Picked up some amazing pieces from H&M and Zara. Fashion is all about confidence! #StyleUpgrade #FashionTrends,714,127
2025-01-09 10:22,TikTok,Finally nailed my butterfly stroke technique in swimming! Training hard for my next competition. ğŸŠ #SwimLife #NeverGiveUp,506,154
2025-01-31 10:48,Reddit,Watched an incredible documentary on stock market trends today. Investing is truly a game of patience and knowledge! #Finance #WealthBuilding,1000,57
2025-01-08 15:30,Reddit,Nothing beats a long drive on the weekend with good music and great company. ğŸš—ğŸ¶ #WeekendVibes #RoadTrip,270,62
2025-01-04 19:00,TikTok,Had an amazing dinner at this new Italian place downtown. The pasta was absolutely divine! ğŸ #Foodie #DiningExperience,989,70
2025-01-13 10:08,TikTok,Had an amazing dinner at this new Italian place downtown. The pasta was absolutely divine! ğŸ #Foodie #DiningExperience,151,33
2025-01-28 13:01,Reddit,"Spent the weekend at the beach, soaking up the sun and enjoying the waves. Nothing beats the sound of the ocean! ğŸŒŠâ˜€ï¸ #RelaxingWeekend",998,122
2025-01-13 01:32,Instagram,Nothing beats a long drive on the weekend with good music and great company. ğŸš—ğŸ¶ #WeekendVibes #RoadTrip,807,157
2025-01-29 17:06,Reddit,Absolutely crushed my workout today! New personal best in deadlifts and feeling stronger than ever. ğŸ’ªğŸ”¥ #FitnessJourney #HardWorkPaysOff,256,33
2025-01-06 17:31,Facebook,Had an amazing dinner at this new Italian place downtown. The pasta was absolutely divine! ğŸ #Foodie #DiningExperience,528,151
2025-01-18 14:14,LinkedIn,Absolutely crushed my workout today! New personal best in deadlifts and feeling stronger than ever. ğŸ’ªğŸ”¥ #FitnessJourney #HardWorkPaysOff,513,17
2025-01-29 12:54,Facebook,Nothing beats a long drive on the weekend with good music and great company. ğŸš—ğŸ¶ #WeekendVibes #RoadTrip,978,46
2025-01-08 00:35,Reddit,"Two years into my career, and I'm grateful for everything Iâ€™ve learned so far. Excited to see what the future holds! #CareerGrowth #CorporateLife",882,39
2025-01-19 03:13,Reddit,Had an amazing dinner at this new Italian place downtown. The pasta was absolutely divine! ğŸ #Foodie #DiningExperience,101,185
2025-01-17 23:02,Instagram,Watched an incredible documentary on stock market trends today. Investing is truly a game of patience and knowledge! #Finance #WealthBuilding,613,106
2025-01-25 15:37,LinkedIn,Loving my new wardrobe refresh! Picked up some amazing pieces from H&M and Zara. Fashion is all about confidence! #StyleUpgrade #FashionTrends,146,95
2025-01-16 07:42,Facebook,"Two years into my career, and I'm grateful for everything Iâ€™ve learned so far. Excited to see what the future holds! #CareerGrowth #CorporateLife",844,70
2025-01-15 20:06,Instagram,Finally nailed my butterfly stroke technique in swimming! Training hard for my next competition. ğŸŠ #SwimLife #NeverGiveUp,684,153
2025-01-09 23:17,Snapchat,Loving my new wardrobe refresh! Picked up some amazing pieces from H&M and Zara. Fashion is all about confidence! #StyleUpgrade #FashionTrends,716,173
2025-01-15 01:38,Snapchat,Loving my new wardrobe refresh! Picked up some amazing pieces from H&M and Zara. Fashion is all about confidence! #StyleUpgrade #FashionTrends,904,154
2025-01-30 07:04,Facebook,Just finished analyzing my investments for the quarter. Staying consistent with my 50% savings strategy! #FinancialGoals #SmartInvesting,518,175
2025-01-15 17:42,LinkedIn,Just finished analyzing my investments for the quarter. Staying consistent with my 50% savings strategy! #FinancialGoals #SmartInvesting,367,141
2025-01-07 21:08,Instagram,Watched an incredible documentary on stock market trends today. Investing is truly a game of patience and knowledge! #Finance #WealthBuilding,203,65
2025-01-25 16:16,LinkedIn,Working on an exciting side project involving AI and finance. Can't wait to share more details soon! ğŸš€ #TechInnovation #AI,809,104
2025-01-16 06:21,Instagram,Had an amazing dinner at this new Italian place downtown. The pasta was absolutely divine! ğŸ #Foodie #DiningExperience,642,169
2025-01-04 15:32,Reddit,Finally nailed my butterfly stroke technique in swimming! Training hard for my next competition. ğŸŠ #SwimLife #NeverGiveUp,798,116
2025-01-07 00:16,Instagram,Had an amazing dinner at this new Italian place downtown. The pasta was absolutely divine! ğŸ #Foodie #DiningExperience,741,42
2025-01-28 09:39,Reddit,Absolutely crushed my workout today! New personal best in deadlifts and feeling stronger than ever. ğŸ’ªğŸ”¥ #FitnessJourney #HardWorkPaysOff,728,77
2025-01-02 23:15,TikTok,Finally nailed my butterfly stroke technique in swimming! Training hard for my next competition. ğŸŠ #SwimLife #NeverGiveUp,863,121
2025-01-07 13:02,Facebook,Absolutely crushed my workout today! New personal best in deadlifts and feeling stronger than ever. ğŸ’ªğŸ”¥ #FitnessJourney #HardWorkPaysOff,792,8
2025-01-16 18:30,Facebook,Had an amazing dinner at this new Italian place downtown. The pasta was absolutely divine! ğŸ #Foodie #DiningExperience,570,145
2025-01-24 19:49,Reddit,Just finished analyzing my investments for the quarter. Staying consistent with my 50% savings strategy! #FinancialGoals #SmartInvesting,283,94
2025-01-24 03:11,Snapchat,Loving my new wardrobe refresh! Picked up some amazing pieces from H&M and Zara. Fashion is all about confidence! #StyleUpgrade #FashionTrends,397,97
2025-01-08 17:52,Snapchat,"Spent the weekend at the beach, soaking up the sun and enjoying the waves. Nothing beats the sound of the ocean! ğŸŒŠâ˜€ï¸ #RelaxingWeekend",279,37
2025-01-19 22:34,Facebook,Had an amazing dinner at this new Italian place downtown. The pasta was absolutely divine! ğŸ #Foodie #DiningExperience,380,58
2025-01-07 08:33,Snapchat,Absolutely crushed my workout today! New personal best in deadlifts and feeling stronger than ever. ğŸ’ªğŸ”¥ #FitnessJourney #HardWorkPaysOff,876,167
2025-01-01 11:01,Snapchat,"Spent the weekend at the beach, soaking up the sun and enjoying the waves. Nothing beats the sound of the ocean! ğŸŒŠâ˜€ï¸ #RelaxingWeekend",297,146
2025-01-02 21:20,Facebook,"Spent the weekend at the beach, soaking up the sun and enjoying the waves. Nothing beats the sound of the ocean! ğŸŒŠâ˜€ï¸ #RelaxingWeekend",584,171
2025-01-10 21:45,Twitter,"Spent the weekend at the beach, soaking up the sun and enjoying the waves. Nothing beats the sound of the ocean! ğŸŒŠâ˜€ï¸ #RelaxingWeekend",888,94
2025-01-30 15:23,Reddit,Watched an incredible documentary on stock market trends today. Investing is truly a game of patience and knowledge! #Finance #WealthBuilding,420,199
2025-01-19 16:24,Reddit,Working on an exciting side project involving AI and finance. Can't wait to share more details soon! ğŸš€ #TechInnovation #AI,367,30
2025-01-13 11:52,Snapchat,Watched an incredible documentary on stock market trends today. Investing is truly a game of patience and knowledge! #Finance #WealthBuilding,697,169
2025-01-24 03:48,Instagram,Loving my new wardrobe refresh! Picked up some amazing pieces from H&M and Zara. Fashion is all about confidence! #StyleUpgrade #FashionTrends,207,161
2025-01-02 05:29,Facebook,Watched an incredible documentary on stock market trends today. Investing is truly a game of patience and knowledge! #Finance #WealthBuilding,406,147
2025-01-03 14:50,Instagram,"Two years into my career, and I'm grateful for everything Iâ€™ve learned so far. Excited to see what the future holds! #CareerGrowth #CorporateLife",60,156
2025-01-03 10:06,Snapchat,Loving my new wardrobe refresh! Picked up some amazing pieces from H&M and Zara. Fashion is all about confidence! #StyleUpgrade #FashionTrends,347,45
2025-01-01 08:28,Reddit,"Two years into my career, and I'm grateful for everything Iâ€™ve learned so far. Excited to see what the future holds! #CareerGrowth #CorporateLife",738,89
2025-01-28 15:18,Twitter,"Two years into my career, and I'm grateful for everything Iâ€™ve learned so far. Excited to see what the future holds! #CareerGrowth #CorporateLife",362,83
